{
  "k": 10,
  "n_queries": 100,
  "overall": {
    "n": 100,
    "p1": 0.84,
    "p_at_k": 0.258,
    "recall_5": 0.6929285714285714,
    "recall_k": 0.8059047619047619,
    "mrr": 0.8961666666666667,
    "ndcg_5": 0.7161713059642707,
    "ndcg_k": 0.7655085533028216,
    "latency_ms_p50": 93.02240000033635,
    "latency_ms_mean": 97.43582400000378,
    "latency_ms_max": 188.17260000105307,
    "latency_ms_std": 22.78373930390978
  },
  "by_domain": {
    "Mental Health": {
      "n": 25,
      "p1": 0.72,
      "p_at_k": 0.188,
      "recall_5": 0.7066666666666667,
      "recall_k": 0.7933333333333333,
      "mrr": 0.8266666666666667,
      "ndcg_5": 0.6832927586483872,
      "ndcg_k": 0.7192420954576253,
      "latency_ms_p50": 79.19610000135435,
      "latency_ms_mean": 82.47370800010685,
      "latency_ms_max": 122.4951999993209,
      "latency_ms_std": 16.03209723518837
    },
    "Legal": {
      "n": 25,
      "p1": 0.84,
      "p_at_k": 0.3,
      "recall_5": 0.7917142857142857,
      "recall_k": 0.8862857142857142,
      "mrr": 0.9013333333333333,
      "ndcg_5": 0.7927625348837436,
      "ndcg_k": 0.8313608198980402,
      "latency_ms_p50": 104.33999999986554,
      "latency_ms_mean": 105.55994399990595,
      "latency_ms_max": 188.17260000105307,
      "latency_ms_std": 26.12972615306548
    },
    "Government Schemes": {
      "n": 25,
      "p1": 0.96,
      "p_at_k": 0.268,
      "recall_5": 0.6306666666666667,
      "recall_k": 0.776,
      "mrr": 0.97,
      "ndcg_5": 0.7024113042372606,
      "ndcg_k": 0.7687519614969514,
      "latency_ms_p50": 92.5003000011202,
      "latency_ms_mean": 95.30820400002995,
      "latency_ms_max": 131.38119999894116,
      "latency_ms_std": 17.422496138336186
    },
    "Safety": {
      "n": 25,
      "p1": 0.84,
      "p_at_k": 0.276,
      "recall_5": 0.6426666666666666,
      "recall_k": 0.768,
      "mrr": 0.8866666666666667,
      "ndcg_5": 0.6862186260876912,
      "ndcg_k": 0.7426793363586697,
      "latency_ms_p50": 97.81479999946896,
      "latency_ms_mean": 106.40143999997235,
      "latency_ms_max": 153.65680000104476,
      "latency_ms_std": 22.52903541648263
    }
  },
  "weakest_domain_recall5": "Government Schemes"
}